team,elo_rating,rank,total_matches,total_wins,total_draws,total_losses,win_rate
Argentina,1629.63,1,1064,588,257,219,0.5526
Spain,1616.76,2,781,460,181,140,0.589
France,1541.7,3,933,476,195,262,0.5102
England,1511.91,4,1088,623,258,207,0.5726
Colombia,1492.77,5,636,256,176,204,0.4025
Brazil,1484.61,6,1057,670,216,171,0.6339
Portugal,1457.09,7,693,347,159,187,0.5007
Netherlands,1451.07,8,877,452,198,227,0.5154
Ecuador,1440.55,9,589,181,157,251,0.3073
Morocco,1434.38,10,614,304,171,139,0.4951
Uruguay,1433.74,11,968,427,239,302,0.4411
Germany,1433.48,12,1029,597,213,219,0.5802
Japan,1420.34,13,789,389,165,235,0.493
Croatia,1418.04,14,394,208,104,82,0.5279
Switzerland,1387.99,15,882,315,203,364,0.3571
Norway,1383.92,16,870,327,195,348,0.3759
Belgium,1383.7,17,851,380,181,290,0.4465
Turkey,1379.0,18,640,257,152,231,0.4016
Mexico,1376.33,19,1000,511,231,258,0.511
Senegal,1375.49,20,636,298,168,170,0.4686
Iran,1360.23,21,610,347,144,119,0.5689
Australia,1358.17,22,579,296,122,161,0.5112
Paraguay,1355.63,23,782,274,208,300,0.3504
Italy,1352.33,24,891,475,243,173,0.5331
Denmark,1346.03,25,872,401,184,287,0.4599
Austria,1336.67,26,859,366,184,309,0.4261
Canada,1330.4,27,467,178,107,182,0.3812
Nigeria,1325.36,28,657,309,191,157,0.4703
South Korea,1319.53,29,1005,536,252,217,0.5333
Algeria,1309.04,30,615,286,162,167,0.465
Uzbekistan,1306.82,31,352,169,73,110,0.4801
Yugoslavia,1305.74,32,483,223,98,162,0.4617
Russia,1294.76,33,746,383,197,166,0.5134
United States,1293.86,34,788,350,161,277,0.4442
Panama,1291.57,35,535,181,132,222,0.3383
Ukraine,1284.9,36,336,151,94,91,0.4494
Serbia,1279.18,37,346,155,89,102,0.448
Jersey,1272.61,38,235,153,20,62,0.6511
Venezuela,1268.98,39,458,116,101,241,0.2533
Czechoslovakia,1267.67,40,520,236,119,165,0.4538
Scotland,1263.37,41,849,400,182,267,0.4711
Ivory Coast,1262.51,42,635,324,162,149,0.5102
Chile,1262.3,43,833,315,179,339,0.3782
Poland,1261.57,44,890,384,224,282,0.4315
Jordan,1259.1,45,479,178,134,167,0.3716
Czech Republic,1256.89,46,358,189,72,97,0.5279
Egypt,1256.8,47,754,378,185,191,0.5013
Greece,1248.68,48,631,240,154,237,0.3803
DR Congo,1248.55,49,522,206,143,173,0.3946
Peru,1243.86,50,712,230,176,306,0.323
New Zealand,1238.82,51,414,172,73,169,0.4155
Sweden,1238.28,52,1099,541,232,326,0.4923
Hungary,1230.99,53,1004,470,222,312,0.4681
Costa Rica,1223.63,54,722,316,178,228,0.4377
Basque Country,1220.89,55,58,38,11,9,0.6552
Guernsey,1219.06,56,240,145,25,70,0.6042
Wales,1216.41,57,724,234,164,326,0.3232
Iraq,1214.73,58,652,303,187,162,0.4647
Slovenia,1214.54,59,315,114,85,116,0.3619
Kosovo,1212.53,60,102,41,23,38,0.402
Slovakia,1208.88,61,365,148,85,132,0.4055
Bolivia,1207.77,62,532,119,119,294,0.2237
Mali,1206.81,63,568,232,151,185,0.4085
Tunisia,1202.35,64,676,296,189,191,0.4379
Cameroon,1198.18,65,616,271,192,153,0.4399
Padania,1198.05,66,44,30,8,6,0.6818
German DR,1197.03,67,298,140,66,92,0.4698
Republic of Ireland,1196.05,68,630,241,178,211,0.3825
Honduras,1187.67,69,619,247,161,211,0.399
Haiti,1185.29,70,508,215,110,183,0.4232
Georgia,1185.09,71,305,99,64,142,0.3246
Albania,1173.4,72,396,110,84,202,0.2778
Isle of Man,1171.86,73,58,35,4,19,0.6034
Saudi Arabia,1168.78,74,738,350,169,219,0.4743
Jamaica,1168.24,75,660,257,154,249,0.3894
Romania,1165.87,76,764,334,194,236,0.4372
United Arab Emirates,1155.39,77,612,246,152,214,0.402
Occitania,1153.14,78,33,19,6,8,0.5758
Northern Cyprus,1152.69,79,34,20,7,7,0.5882
Israel,1151.38,80,497,180,116,201,0.3622
South Africa,1146.46,81,477,213,144,120,0.4465
Guatemala,1144.83,82,552,199,140,213,0.3605
Bosnia and Herzegovina,1143.59,83,281,104,65,112,0.3701
Northern Ireland,1142.21,84,705,184,160,361,0.261
Catalonia,1133.12,85,48,19,12,17,0.3958
Burkina Faso,1133.08,86,462,164,122,176,0.355
Cape Verde,1129.91,87,233,88,56,89,0.3777
Iceland,1128.94,88,520,159,102,259,0.3058
North Macedonia,1124.73,89,304,95,79,130,0.3125
New Caledonia,1122.81,90,265,136,34,95,0.5132
Ghana,1116.87,91,669,311,174,184,0.4649
Isle of Wight,1115.26,92,48,26,7,15,0.5417
Curaçao,1114.48,93,383,142,100,141,0.3708
Oman,1109.21,94,542,206,137,199,0.3801
Abkhazia,1103.57,95,32,14,13,5,0.4375
Ynys Môn,1103.36,96,67,37,11,19,0.5522
Syria,1102.56,97,483,173,120,190,0.3582
Finland,1102.28,98,816,216,166,434,0.2647
Palestine,1101.87,99,241,69,68,104,0.2863
Iraqi Kurdistan,1100.66,100,27,13,8,6,0.4815
Suriname,1093.14,101,399,173,93,133,0.4336
Kárpátalja,1091.64,102,11,5,5,1,0.4545
Guinea,1087.86,103,538,200,153,185,0.3717
Angola,1087.83,104,413,140,147,126,0.339
Panjab,1083.03,105,19,9,3,7,0.4737
Qatar,1082.25,106,633,260,154,219,0.4107
Réunion,1079.29,107,124,53,22,49,0.4274
County of Nice,1074.91,108,9,6,1,2,0.6667
Rhodes,1072.18,109,18,11,2,5,0.6111
Kernow,1070.22,110,12,7,2,3,0.5833
Andalusia,1066.05,111,13,8,4,1,0.6154
Ellan Vannin,1060.83,112,22,11,5,6,0.5
Belarus,1059.82,113,313,93,79,141,0.2971
Menorca,1055.28,114,25,11,6,8,0.44
Benin,1053.85,115,323,84,78,161,0.2601
Zambia,1053.85,116,793,358,203,232,0.4515
Bulgaria,1053.67,117,734,262,187,285,0.3569
Guadeloupe,1052.79,118,271,115,47,109,0.4244
China PR,1051.07,119,700,338,153,209,0.4829
Thailand,1050.95,120,863,339,204,320,0.3928
Bahrain,1049.32,121,583,207,154,222,0.3551
Artsakh,1049.05,122,11,6,2,3,0.5455
Yorkshire,1045.28,123,7,5,1,1,0.7143
Trinidad and Tobago,1044.51,124,751,321,164,266,0.4274
Tahiti,1044.0,125,242,131,31,80,0.5413
Gambia,1042.31,126,265,73,75,117,0.2755
Arameans Suryoye,1036.99,127,10,5,2,3,0.5
Western Armenia,1036.07,128,16,5,4,7,0.3125
Corsica,1035.26,129,9,4,4,1,0.4444
Cascadia,1033.85,130,7,4,1,2,0.5714
Chameria,1031.95,131,7,3,2,2,0.4286
Zanzibar,1026.63,132,209,44,41,124,0.2105
Gabon,1024.88,133,405,141,114,150,0.3481
El Salvador,1021.38,134,612,200,137,275,0.3268
Kazakhstan,1020.1,135,267,71,59,137,0.2659
Maule Sur,1019.86,136,2,2,0,0,1.0
Libya,1017.19,137,384,143,92,149,0.3724
United Koreans in Japan,1016.02,138,12,3,6,3,0.25
Galicia,1015.96,139,10,4,3,3,0.4
Asturias,1015.03,140,1,1,0,0,1.0
Uganda,1014.89,141,685,285,182,218,0.4161
Madagascar,1014.13,142,319,118,73,128,0.3699
Parishes of Jersey,1013.26,143,3,2,0,1,0.6667
Nicaragua,1012.97,144,220,51,26,143,0.2318
Guyana,1012.83,145,313,103,61,149,0.3291
Niger,1012.68,146,258,61,61,136,0.2364
Martinique,1012.49,147,331,145,85,101,0.4381
Canary Islands,1012.29,148,4,3,0,1,0.75
Surrey,1011.87,149,1,1,0,0,1.0
Shetland,1010.3,150,58,21,9,28,0.3621
Biafra,1009.58,151,3,2,0,1,0.6667
Silesia,1008.29,152,8,3,2,3,0.375
Donetsk PR,1007.54,153,6,2,2,2,0.3333
Elba Island,1007.0,154,1,1,0,0,1.0
Mapuche,1006.65,155,2,1,0,1,0.5
Tamil Eelam,1006.46,156,24,12,0,12,0.5
North Korea,1004.86,157,390,162,106,122,0.4154
Felvidék,1002.19,158,12,5,2,5,0.4167
Székely Land,1001.99,159,27,9,3,15,0.3333
Brittany,1001.69,160,12,6,3,3,0.5
Crimea,1001.5,161,5,3,0,2,0.6
Délvidék,1001.26,162,2,1,0,1,0.5
Comoros,1000.56,163,150,35,35,80,0.2333
Montenegro,999.14,164,168,57,40,71,0.3393
Sápmi,998.88,165,29,12,2,15,0.4138
Dominican Republic,998.22,166,158,62,26,70,0.3924
Mozambique,997.6,167,374,118,95,161,0.3155
North Vietnam,996.82,168,24,7,3,14,0.2917
West Papua,996.1,169,1,0,1,0,0.0
Central Spain,995.48,170,2,1,0,1,0.5
Zimbabwe,995.2,171,494,189,139,166,0.3826
Saugeais,995.03,172,1,0,1,0,0.0
Cilento,993.12,173,1,0,0,1,0.0
Madrid,992.45,174,1,0,0,1,0.0
Åland Islands,992.45,175,51,21,8,22,0.4118
Luhansk PR,992.08,176,6,2,1,3,0.3333
Western Sahara,991.15,177,5,2,0,3,0.4
Republic of St. Pauli,991.15,178,4,1,1,2,0.25
Seborga,990.56,179,1,0,0,1,0.0
Malaysia,990.22,180,835,327,192,316,0.3916
Kuwait,989.64,181,683,285,178,220,0.4173
South Ossetia,989.42,182,16,5,3,8,0.3125
Togo,989.22,183,445,140,113,192,0.3146
Yoruba Nation,988.23,184,2,0,1,1,0.0
Indonesia,987.72,185,723,279,142,302,0.3859
Gozo,987.48,186,14,4,2,8,0.2857
Sealand,983.93,187,12,4,5,3,0.3333
Sierra Leone,982.57,188,299,90,78,131,0.301
Greenland,981.08,189,77,25,10,42,0.3247
French Guiana,980.93,190,179,54,39,86,0.3017
Somaliland,980.9,191,6,2,1,3,0.3333
Vietnam,980.64,192,297,128,59,110,0.431
Tajikistan,980.22,193,199,77,42,80,0.3869
Mayotte,980.17,194,38,11,11,16,0.2895
Sudan,979.69,195,469,151,118,200,0.322
Franconia,979.55,196,3,2,0,1,0.6667
Kenya,979.32,197,705,268,175,262,0.3801
Papua New Guinea,979.23,198,155,52,29,74,0.3355
Matabeleland,978.63,199,8,3,2,3,0.375
Ryūkyū,976.21,200,1,0,0,1,0.0
South Yemen,975.82,201,3,0,0,3,0.0
Equatorial Guinea,973.94,202,178,49,40,89,0.2753
Vanuatu,973.73,203,213,68,29,116,0.3192
Aymara,973.49,204,2,0,0,2,0.0
Gotland,972.92,205,30,11,4,15,0.3667
Kabylia,970.34,206,6,1,2,3,0.1667
Romani people,969.37,207,7,2,0,5,0.2857
Lebanon,969.01,208,333,93,92,148,0.2793
Rwanda,968.19,209,280,88,74,118,0.3143
Luxembourg,967.68,210,465,49,63,353,0.1054
Fiji,966.93,211,267,116,48,103,0.4345
Hmong,966.59,212,3,1,0,2,0.3333
Kyrgyzstan,964.12,213,189,57,31,101,0.3016
Armenia,959.7,214,270,65,55,150,0.2407
Chechnya,958.57,215,3,0,1,2,0.0
Namibia,958.5,216,279,70,80,129,0.2509
Tanzania,956.28,217,599,163,171,265,0.2721
Monaco,956.24,218,24,8,6,10,0.3333
Cuba,955.22,219,397,139,90,168,0.3501
Malawi,953.78,220,642,219,181,242,0.3411
Saarland,953.32,221,9,1,2,6,0.1111
Provence,952.63,222,19,6,1,12,0.3158
Mauritania,949.79,223,269,51,70,148,0.1896
Liberia,948.68,224,300,78,70,152,0.26
Western Isles,948.34,225,34,13,4,17,0.3824
Niue,948.26,226,2,0,0,2,0.0
Azerbaijan,946.9,227,308,60,79,169,0.1948
Raetia,943.05,228,26,6,5,15,0.2308
Găgăuzia,941.93,229,3,0,1,2,0.0
Saint Barthélemy,941.75,230,10,4,1,5,0.4
Lesotho,941.24,231,295,54,93,148,0.1831
Manchukuo,941.13,232,3,0,0,3,0.0
Palau,938.07,233,2,0,0,2,0.0
Vatican City,935.01,234,7,0,3,4,0.0
Faroe Islands,932.12,235,285,56,36,193,0.1965
Western Australia,926.61,236,32,11,3,18,0.3438
Two Sicilies,923.52,237,6,1,0,5,0.1667
Solomon Islands,923.34,238,214,90,35,89,0.4206
Estonia,923.23,239,548,134,122,292,0.2445
Marshall Islands,919.09,240,2,0,0,2,0.0
Ticino,917.61,241,2,0,0,2,0.0
Orkney,917.16,242,28,9,1,18,0.3214
Ethiopia,916.61,243,407,143,92,172,0.3514
Ambazonia,914.06,244,6,0,1,5,0.0
Turkmenistan,911.76,245,175,64,32,79,0.3657
Burundi,910.12,246,217,65,52,100,0.2995
Botswana,907.71,247,332,90,92,150,0.2711
Puerto Rico,906.67,248,162,41,26,95,0.2531
Central African Republic,904.16,249,136,29,28,79,0.2132
Guinea-Bissau,895.73,250,190,52,44,94,0.2737
Saint Vincent and the Grenadines,885.24,251,236,88,51,97,0.3729
Yemen DPR,883.46,252,25,5,3,17,0.2
Vietnam Republic,883.43,253,195,82,37,76,0.4205
Hitra,882.11,254,23,6,1,16,0.2609
Saint Helena,881.59,255,8,0,0,8,0.0
Saare County,881.53,256,35,5,5,25,0.1429
Congo,874.68,257,406,134,99,173,0.33
Latvia,874.59,258,459,128,110,221,0.2789
Lithuania,874.25,259,431,111,83,237,0.2575
Hong Kong,874.14,260,444,141,96,207,0.3176
Barawa,873.92,261,12,3,0,9,0.25
Cyprus,873.58,262,424,81,71,272,0.191
Chagos Islands,873.55,263,16,3,2,11,0.1875
Sark,872.33,264,4,0,0,4,0.0
Micronesia,862.8,265,7,1,0,6,0.1429
Philippines,854.01,266,338,91,52,195,0.2692
Eswatini,853.92,267,274,55,83,136,0.2007
Bermuda,853.24,268,197,67,33,97,0.3401
Wallis Islands and Futuna,849.56,269,24,5,0,19,0.2083
Malta,847.41,270,456,64,78,314,0.1404
Samoa,846.95,271,71,22,4,45,0.3099
Saint Martin,843.14,272,68,25,5,38,0.3676
Belize,841.87,273,121,31,20,70,0.2562
Tibet,836.22,274,16,0,2,14,0.0
Sint Maarten,835.22,275,60,20,10,30,0.3333
Yemen,834.88,276,266,53,54,159,0.1992
Grenada,833.03,277,259,86,56,117,0.332
Saint Kitts and Nevis,829.53,278,226,90,42,94,0.3982
Moldova,828.06,279,297,58,68,171,0.1953
Singapore,827.71,280,694,218,141,335,0.3141
Saint Pierre and Miquelon,818.68,281,7,0,0,7,0.0
Darfur,815.79,282,7,0,0,7,0.0
South Sudan,810.07,283,78,12,16,50,0.1538
Kiribati,809.55,284,11,0,1,10,0.0
Chad,802.89,285,138,26,34,78,0.1884
India,802.78,286,530,190,119,221,0.3585
Tuvalu,801.55,287,39,8,4,27,0.2051
Montserrat,799.39,288,66,17,7,42,0.2576
Aruba,787.89,289,151,32,31,88,0.2119
Saint Lucia,783.49,290,230,80,33,117,0.3478
Afghanistan,781.64,291,144,35,34,75,0.2431
Eritrea,776.12,292,71,11,16,44,0.1549
Frøya,772.0,293,37,7,2,28,0.1892
Falkland Islands,767.74,294,33,6,1,26,0.1818
Cook Islands,766.13,295,53,11,4,38,0.2075
Mauritius,760.99,296,325,91,72,162,0.28
Dominica,742.02,297,215,52,46,117,0.2419
São Tomé and Príncipe,734.96,298,71,9,10,52,0.1268
Bonaire,727.15,299,43,14,6,23,0.3256
Antigua and Barbuda,715.5,300,231,71,43,117,0.3074
Barbados,712.72,301,302,94,67,141,0.3113
Tonga,708.32,302,68,16,6,46,0.2353
Andorra,694.71,303,226,13,31,182,0.0575
Bangladesh,692.24,304,304,79,66,159,0.2599
Myanmar,681.29,305,510,209,90,211,0.4098
Gibraltar,669.68,306,157,37,20,100,0.2357
Nepal,667.62,307,268,63,47,158,0.2351
Cayman Islands,658.49,308,118,25,21,72,0.2119
Djibouti,643.53,309,111,7,10,94,0.0631
Somalia,642.24,310,124,11,15,98,0.0887
Taiwan,637.0,311,237,64,30,143,0.27
Maldives,626.72,312,231,63,38,130,0.2727
Pakistan,626.31,313,244,50,43,151,0.2049
Cambodia,622.65,314,293,63,41,189,0.215
British Virgin Islands,618.83,315,121,21,22,78,0.1736
Alderney,614.33,316,135,5,2,128,0.037
Guam,599.71,317,120,25,11,84,0.2083
United States Virgin Islands,599.01,318,78,10,12,56,0.1282
American Samoa,598.82,319,55,4,2,49,0.0727
Sri Lanka,593.35,320,248,49,47,152,0.1976
Northern Mariana Islands,592.35,321,30,4,3,23,0.1333
Seychelles,589.32,322,176,26,30,120,0.1477
Liechtenstein,586.67,323,257,19,32,206,0.0739
Turks and Caicos Islands,583.41,324,52,12,6,34,0.2308
Mongolia,575.61,325,101,25,9,67,0.2475
Bahamas,565.32,326,67,14,10,43,0.209
Laos,531.57,327,224,42,34,148,0.1875
Anguilla,501.0,328,91,7,9,75,0.0769
Bhutan,495.81,329,109,11,7,91,0.1009
Brunei,495.34,330,137,22,11,104,0.1606
Timor-Leste,494.91,331,86,9,5,72,0.1047
Macau,484.68,332,145,21,16,108,0.1448
San Marino,474.16,333,223,3,11,209,0.0135
